INSERT INTO career_center.image (id, original, main, name, preview, image_type, created, updated, deleted) VALUES ('14bb6a27-a553-4f52-871e-9423100761ba', 'https://itstep-career-center.s3.eu-north-1.amazonaws.com/event/image/original/ZwlRdYXrcR.jpg', 'https://itstep-career-center.s3.eu-north-1.amazonaws.com/event/image/main/ZwlRdYXrcR.jpg', 'защита курсовых фб.jpg', 'https://itstep-career-center.s3.eu-north-1.amazonaws.com/event/image/preview/ZwlRdYXrcR.jpg', 'EVENT_IMAGE', '2020-01-16 15:43:59.373000', null, null);
INSERT INTO career_center.image (id, original, main, name, preview, image_type, created, updated, deleted) VALUES ('9fd2e2cd-4c6f-4b56-925d-7eaa9ec7ae42', 'https://itstep-career-center.s3.eu-north-1.amazonaws.com/event/image/original/LtMqtwWjZv.jpg', 'https://itstep-career-center.s3.eu-north-1.amazonaws.com/event/image/main/LtMqtwWjZv.jpg', 'леверайс.jpg', 'https://itstep-career-center.s3.eu-north-1.amazonaws.com/event/image/preview/LtMqtwWjZv.jpg', 'EVENT_IMAGE', '2020-01-16 15:44:35.767000', null, null);
INSERT INTO career_center.image (id, original, main, name, preview, image_type, created, updated, deleted) VALUES ('92652e54-95cc-4b37-8c4b-87b3b6441c8f', 'https://itstep-career-center.s3.eu-north-1.amazonaws.com/event/image/original/gNtMdAaWmW.jpg', 'https://itstep-career-center.s3.eu-north-1.amazonaws.com/event/image/main/gNtMdAaWmW.jpg', 'видеокурс с кулицким.jpg', 'https://itstep-career-center.s3.eu-north-1.amazonaws.com/event/image/preview/gNtMdAaWmW.jpg', 'EVENT_IMAGE', '2020-01-16 15:45:08.186000', null, null);
INSERT INTO career_center.image (id, original, main, name, preview, image_type, created, updated, deleted) VALUES ('c6f85c29-21ac-44ea-a7f5-395c031eae66', 'https://itstep-career-center.s3.eu-north-1.amazonaws.com/story/image/original/cVtNvOEoBK.jpg', 'https://itstep-career-center.s3.eu-north-1.amazonaws.com/story/image/main/cVtNvOEoBK.jpg', 'Надежда Рынкевич.jpg', 'https://itstep-career-center.s3.eu-north-1.amazonaws.com/story/image/main/cVtNvOEoBK.jpg', 'STORY_IMAGE', '2020-01-16 16:30:46.835000', null, null);
INSERT INTO career_center.image (id, original, main, name, preview, image_type, created, updated, deleted) VALUES ('edb7e61a-8300-438c-8b63-2019ea9ea1a1', 'https://itstep-career-center.s3.eu-north-1.amazonaws.com/story/image/original/biPsxaoxGR.jpg', 'https://itstep-career-center.s3.eu-north-1.amazonaws.com/story/image/main/biPsxaoxGR.jpg', 'Ярослав Дмитриев.jpg', 'https://itstep-career-center.s3.eu-north-1.amazonaws.com/story/image/main/biPsxaoxGR.jpg', 'STORY_IMAGE', '2020-01-16 16:31:22.880000', null, null);
INSERT INTO career_center.image (id, original, main, name, preview, image_type, created, updated, deleted) VALUES ('05ab0c50-0229-466f-a671-d208d0b5e60f', 'https://itstep-career-center.s3.eu-north-1.amazonaws.com/story/image/original/gzNrUhGqft.jpg', 'https://itstep-career-center.s3.eu-north-1.amazonaws.com/story/image/main/gzNrUhGqft.jpg', 'АртемБолбас.jpg', 'https://itstep-career-center.s3.eu-north-1.amazonaws.com/story/image/main/gzNrUhGqft.jpg', 'STORY_IMAGE', '2020-01-16 16:32:14.820000', null, null);
INSERT INTO career_center.image (id, original, main, name, preview, image_type, created, updated, deleted) VALUES ('9b5e033d-c402-4064-bf9b-a910258e45f6', 'https://itstep-career-center.s3.eu-north-1.amazonaws.com/story/image/original/SuNgYnKLAa.jpg', 'https://itstep-career-center.s3.eu-north-1.amazonaws.com/story/image/main/SuNgYnKLAa.jpg', 'Илья Куранец.jpg', 'https://itstep-career-center.s3.eu-north-1.amazonaws.com/story/image/main/SuNgYnKLAa.jpg', 'STORY_IMAGE', '2020-01-16 16:32:42.752000', null, null);
INSERT INTO career_center.image (id, original, main, name, preview, image_type, created, updated, deleted) VALUES ('c057a372-5cf3-42c4-a126-8dad87a5a023', 'https://itstep-career-center.s3.eu-north-1.amazonaws.com/event/image/original/qchePYwAXC.png', 'https://itstep-career-center.s3.eu-north-1.amazonaws.com/event/image/main/qchePYwAXC.png', 'pic1.png', 'https://itstep-career-center.s3.eu-north-1.amazonaws.com/event/image/preview/qchePYwAXC.png', 'EVENT_IMAGE', '2019-12-31 13:57:28.232000', null, null);
INSERT INTO career_center.image (id, original, main, name, preview, image_type, created, updated, deleted) VALUES ('16d5eb52-7cb4-4c55-928f-f3aeb54a5ab0', 'https://itstep-career-center.s3.eu-north-1.amazonaws.com/event/image/original/hZuKYoeNTn.png', 'https://itstep-career-center.s3.eu-north-1.amazonaws.com/event/image/main/hZuKYoeNTn.png', 'pic2.png', 'https://itstep-career-center.s3.eu-north-1.amazonaws.com/event/image/preview/hZuKYoeNTn.png', 'EVENT_IMAGE', '2019-12-31 13:57:44.223000', null, null);
INSERT INTO career_center.image (id, original, main, name, preview, image_type, created, updated, deleted) VALUES ('3eb4af12-d22b-4188-937e-4a32a4ab5e08', 'https://itstep-career-center.s3.eu-north-1.amazonaws.com/event/image/original/fgfwBAhOfv.png', 'https://itstep-career-center.s3.eu-north-1.amazonaws.com/event/image/main/fgfwBAhOfv.png', 'pic3.png', 'https://itstep-career-center.s3.eu-north-1.amazonaws.com/event/image/preview/fgfwBAhOfv.png', 'EVENT_IMAGE', '2019-12-31 13:57:59.403000', null, null);
INSERT INTO career_center.image (id, original, main, name, preview, image_type, created, updated, deleted) VALUES ('55a911ab-8578-4657-8b1b-f3aaf89485c3', 'https://itstep-career-center.s3.eu-north-1.amazonaws.com/event/image/original/SreuqNOSuo.jpg', 'https://itstep-career-center.s3.eu-north-1.amazonaws.com/event/image/main/SreuqNOSuo.jpg', 'pic4.jpg', 'https://itstep-career-center.s3.eu-north-1.amazonaws.com/event/image/preview/SreuqNOSuo.jpg', 'EVENT_IMAGE', '2019-12-31 14:03:05.396000', null, null);
INSERT INTO career_center.image (id, original, main, name, preview, image_type, created, updated, deleted) VALUES ('1d1f7499-3d83-4a19-b42a-27f824445616', 'https://itstep-career-center.s3.eu-north-1.amazonaws.com/event/image/original/OZhxpInOec.jpg', 'https://itstep-career-center.s3.eu-north-1.amazonaws.com/event/image/main/OZhxpInOec.jpg', 'pic5.jpg', 'https://itstep-career-center.s3.eu-north-1.amazonaws.com/event/image/preview/OZhxpInOec.jpg', 'EVENT_IMAGE', '2019-12-31 14:03:46.044000', null, null);
INSERT INTO career_center.image (id, original, main, name, preview, image_type, created, updated, deleted) VALUES ('5c8551f2-50c8-4ffc-9050-a8c84db2a513', 'https://itstep-career-center.s3.eu-north-1.amazonaws.com/event/image/original/lsrzAbtjYJ.jpg', 'https://itstep-career-center.s3.eu-north-1.amazonaws.com/event/image/main/lsrzAbtjYJ.jpg', 'pic6.jpg', 'https://itstep-career-center.s3.eu-north-1.amazonaws.com/event/image/preview/lsrzAbtjYJ.jpg', 'EVENT_IMAGE', '2019-12-31 14:04:00.778000', null, null);
INSERT INTO career_center.image (id, original, main, name, preview, image_type, created, updated, deleted) VALUES ('94e3dbb4-d6a0-433f-9523-5f0167d33e43', 'https://itstep-career-center.s3.eu-north-1.amazonaws.com/event/image/original/jCBArksbra.jpg', 'https://itstep-career-center.s3.eu-north-1.amazonaws.com/event/image/main/jCBArksbra.jpg', 'pic7.jpg', 'https://itstep-career-center.s3.eu-north-1.amazonaws.com/event/image/preview/jCBArksbra.jpg', 'EVENT_IMAGE', '2019-12-31 14:04:23.754000', null, null);
INSERT INTO career_center.image (id, original, main, name, preview, image_type, created, updated, deleted) VALUES ('5e885293-8d47-4393-b919-b0c28d637e7f', 'https://itstep-career-center.s3.eu-north-1.amazonaws.com/story/image/original/UjhbNTTsVA.jpg', 'https://itstep-career-center.s3.eu-north-1.amazonaws.com/story/image/main/UjhbNTTsVA.jpg', 's1.jpg', 'https://itstep-career-center.s3.eu-north-1.amazonaws.com/story/image/main/UjhbNTTsVA.jpg', 'STORY_IMAGE', '2019-12-31 14:18:19.916000', null, null);
INSERT INTO career_center.image (id, original, main, name, preview, image_type, created, updated, deleted) VALUES ('1aaaba8f-c2df-4432-92f2-b06e33947a5d', 'https://itstep-career-center.s3.eu-north-1.amazonaws.com/story/image/original/GoTFdwDxOc.png', 'https://itstep-career-center.s3.eu-north-1.amazonaws.com/story/image/main/GoTFdwDxOc.png', 's2.png', 'https://itstep-career-center.s3.eu-north-1.amazonaws.com/story/image/main/GoTFdwDxOc.png', 'STORY_IMAGE', '2019-12-31 14:18:33.171000', null, null);
INSERT INTO career_center.image (id, original, main, name, preview, image_type, created, updated, deleted) VALUES ('de1b6859-5164-4269-815a-e7803a732edf', 'https://itstep-career-center.s3.eu-north-1.amazonaws.com/story/image/original/gLnaOyfTeP.jpg', 'https://itstep-career-center.s3.eu-north-1.amazonaws.com/story/image/main/gLnaOyfTeP.jpg', 's3.jpg', 'https://itstep-career-center.s3.eu-north-1.amazonaws.com/story/image/main/gLnaOyfTeP.jpg', 'STORY_IMAGE', '2019-12-31 14:18:46.430000', null, null);
INSERT INTO career_center.image (id, original, main, name, preview, image_type, created, updated, deleted) VALUES ('46229c10-b385-4d69-b019-2c458d88ac8e', 'https://itstep-career-center.s3.eu-north-1.amazonaws.com/story/image/original/twVdWJODek.jpg', 'https://itstep-career-center.s3.eu-north-1.amazonaws.com/story/image/main/twVdWJODek.jpg', 's3.jpg', 'https://itstep-career-center.s3.eu-north-1.amazonaws.com/story/image/main/twVdWJODek.jpg', 'STORY_IMAGE', '2019-12-31 14:18:53.895000', null, null);
INSERT INTO career_center.image (id, original, main, name, preview, image_type, created, updated, deleted) VALUES ('6e231583-30c8-453c-9f1e-6951dc17388f', 'https://itstep-career-center.s3.eu-north-1.amazonaws.com/story/image/original/ChHgDlNqpo.jpeg', 'https://itstep-career-center.s3.eu-north-1.amazonaws.com/story/image/main/ChHgDlNqpo.jpeg', 's4.jpeg', 'https://itstep-career-center.s3.eu-north-1.amazonaws.com/story/image/main/ChHgDlNqpo.jpeg', 'STORY_IMAGE', '2019-12-31 14:19:01.195000', null, null);
INSERT INTO career_center.image (id, original, main, name, preview, image_type, created, updated, deleted) VALUES ('72694897-b400-4e94-911a-c02e908a5285', 'https://itstep-career-center.s3.eu-north-1.amazonaws.com/cv/image/original/zHwkhZOOTQ.png', 'https://itstep-career-center.s3.eu-north-1.amazonaws.com/cv/image/main/zHwkhZOOTQ.png', 'zHwkhZOOTQ.png', 'https://itstep-career-center.s3.eu-north-1.amazonaws.com/cv/image/main/zHwkhZOOTQ.png', 'CV_IMAGE', '2020-01-18 18:47:10.619256', null, null);

INSERT INTO career_center.event (id, address, description, image_id, name, type, status, time, created, updated, deleted) VALUES ('359e71f8-f4c1-408b-9190-28f1ecc8de5f', 'Карла Маркса, 32', '6 декабря в 19.00 в Академии ШАГ состоится митап для джуниор разработчиков. Мечта начинающего программиста (да и опытного тоже) - попасть на работу в интересный проект «со смыслом». Круто начать карьеру в команде, которая делает полезный инновационный продукт. Есть ли у джуниоров такой шанс? На этот вопрос вам ответит команда проекта Leverice, представители которой придут в Академию ШАГ, чтобы встретиться с нашими студентами и выпускниками. Leverice - коммуникационное решение для распределенных команд, новый и высокотехнологичный проект, созданный молодыми разработчиками, выходцами из компании GP Solutions.  А еще это команда, которая с симпатией относится к джуниорам и готова с ними работать!<br>На митапе вы узнаете:<br>О продукте Leverice расскажет Гламозда Алексей, Директор департамента по развитию бизнеса.<br>«Leverice - коммуникационное решение для распределенных команд»:<br>1. проблемы коммуникаций, с которыми сталкиваются команды, используя существующие мессенджеры.<br>2. о продукте Leverice и какие проблемы он решает.<br>3. основные фичи продукта (Демонстрация Leverice).<br>О технологиях и задачах на проекте расскажет Шумилов Дмитрий, ведущий Java Back-end разработчик продукта.<br>‘Технологии, применяемые на проекте и подходы в разработке продукта’<br>1) технологии на проекте<br>2) подходы к разработке (TDD, BDD)<br>3) методологии и процессы разработки (scrum, workflow, release, code freeze)<br>4) расширение команды и требования к джуниор разработчикам<br>5) решение каких задач подразумевает работа на проекте<br>6) ответы на вопросы от студентов<br>Когда и где состоится митап?<br>6 декабря в 19.00 по адресу Карла Маркса, 32, Академия ШАГ, конференц-зал на 3-м этаже<br>Как попасть на митап?<br>Вход по регистрации:<br>https://docs.google.com/forms/d/e/1FAIpQLSev0xel3kKcMLFUZ7YKPtjK5FUEmzOrst4sIgoj19hM-fW8hg/viewform', '9fd2e2cd-4c6f-4b56-925d-7eaa9ec7ae42', 'Как джуниору попасть в крутой проект?', 'Митап', 'PUBLISHED', '2019-12-06 19:00:00.000000', '2019-12-30 14:12:57.496000', '2020-01-16 16:13:17.596000', null);
INSERT INTO career_center.event (id, address, description, image_id, name, type, status, time, created, updated, deleted) VALUES ('b5bf500b-7e4c-4cf0-bfd3-b890cc4b49f5', 'Толстого, 8', 'Contrary to popular belief, Lorem Ipsum is not simply random text. It has roots in a piece of classical Latin literature from 45 BC, making it over 2000 years old. Richard McClintock, a Latin professor at Hampden-Sydney College in Virginia, looked up one of the more obscure Latin words, consectetur, from a Lorem Ipsum passage, and going through the cites of the word in classical literature, discovered the undoubtable source. Lorem Ipsum comes from sections 1.10.32 and 1.10.33 of ''de Finibus Bonorum et Malorum'' (The Extremes of Good and Evil) by Cicero, written in 45 BC. This book is a treatise on the theory of ethics, very popular during the Renaissance. The first line of Lorem Ipsum, ''Lorem ipsum dolor sit amet..'', comes from a line in section 1.10.32. The standard chunk of Lorem Ipsum used since the 1500s is reproduced below for those interested. Sections 1.10.32 and 1.10.33 from ''de Finibus Bonorum et Malorum'' by Cicero are also reproduced in their exact original form, accompanied by English versions from the 1914 translation by H. Rackham.', 'c057a372-5cf3-42c4-a126-8dad87a5a023', 'Breathtaking Evnet', 'Открытый урок', 'PUBLISHED', '2019-12-25 23:00:00.000000', '2019-12-31 14:11:23.931000', null, null);
INSERT INTO career_center.event (id, address, description, image_id, name, type, status, time, created, updated, deleted) VALUES ('1469a0b5-6640-4184-a136-05a09aa9d719', 'Карла Маркса, 32', 'Contrary to popular belief, Lorem Ipsum is not simply random text. It has roots in a piece of classical Latin literature from 45 BC, making it over 2000 years old. Richard McClintock, a Latin professor at Hampden-Sydney College in Virginia, looked up one of the more obscure Latin words, consectetur, from a Lorem Ipsum passage, and going through the cites of the word in classical literature, discovered the undoubtable source. Lorem Ipsum comes from sections 1.10.32 and 1.10.33 of ''de Finibus Bonorum et Malorum'' (The Extremes of Good and Evil) by Cicero, written in 45 BC. This book is a treatise on the theory of ethics, very popular during the Renaissance. The first line of Lorem Ipsum, ''Lorem ipsum dolor sit amet..'', comes from a line in section 1.10.32. The standard chunk of Lorem Ipsum used since the 1500s is reproduced below for those interested. Sections 1.10.32 and 1.10.33 from ''de Finibus Bonorum et Malorum'' by Cicero are also reproduced in their exact original form, accompanied by English versions from the 1914 translation by H. Rackham.', '16d5eb52-7cb4-4c55-928f-f3aeb54a5ab0', 'Super Evnet', 'Открытый урок', 'PUBLISHED', '2019-12-25 18:00:00.000000', '2019-12-31 14:11:09.245000', null, null);
INSERT INTO career_center.event (id, address, description, image_id, name, type, status, time, created, updated, deleted) VALUES ('a625cc1c-9725-4698-a6a3-4856c52511a4', 'Толстого, 10', 'Contrary to popular belief, Lorem Ipsum is not simply random text. It has roots in a piece of classical Latin literature from 45 BC, making it over 2000 years old. Richard McClintock, a Latin professor at Hampden-Sydney College in Virginia, looked up one of the more obscure Latin words, consectetur, from a Lorem Ipsum passage, and going through the cites of the word in classical literature, discovered the undoubtable source. Lorem Ipsum comes from sections 1.10.32 and 1.10.33 of ''de Finibus Bonorum et Malorum'' (The Extremes of Good and Evil) by Cicero, written in 45 BC. This book is a treatise on the theory of ethics, very popular during the Renaissance. The first line of Lorem Ipsum, ''Lorem ipsum dolor sit amet..'', comes from a line in section 1.10.32. The standard chunk of Lorem Ipsum used since the 1500s is reproduced below for those interested. Sections 1.10.32 and 1.10.33 from ''de Finibus Bonorum et Malorum'' by Cicero are also reproduced in their exact original form, accompanied by English versions from the 1914 translation by H. Rackham.', '3eb4af12-d22b-4188-937e-4a32a4ab5e08', 'Ultra Evnet', 'Открытый урок', 'PUBLISHED', '2019-12-25 21:00:00.000000', '2019-12-31 14:11:15.856000', null, null);
INSERT INTO career_center.event (id, address, description, image_id, name, type, status, time, created, updated, deleted) VALUES ('80413ad6-146d-4191-be18-475e55c5a23b', 'Толстого, 8', 'Contrary to popular belief, Lorem Ipsum is not simply random text. It has roots in a piece of classical Latin literature from 45 BC, making it over 2000 years old. Richard McClintock, a Latin professor at Hampden-Sydney College in Virginia, looked up one of the more obscure Latin words, consectetur, from a Lorem Ipsum passage, and going through the cites of the word in classical literature, discovered the undoubtable source. Lorem Ipsum comes from sections 1.10.32 and 1.10.33 of ''de Finibus Bonorum et Malorum'' (The Extremes of Good and Evil) by Cicero, written in 45 BC. This book is a treatise on the theory of ethics, very popular during the Renaissance. The first line of Lorem Ipsum, ''Lorem ipsum dolor sit amet..'', comes from a line in section 1.10.32. The standard chunk of Lorem Ipsum used since the 1500s is reproduced below for those interested. Sections 1.10.32 and 1.10.33 from ''de Finibus Bonorum et Malorum'' by Cicero are also reproduced in their exact original form, accompanied by English versions from the 1914 translation by H. Rackham.', '55a911ab-8578-4657-8b1b-f3aaf89485c3', 'Strange Evnet', 'Открытый урок', 'PUBLISHED', '2019-12-25 23:00:00.000000', '2019-12-31 14:12:53.283000', null, null);
INSERT INTO career_center.event (id, address, description, image_id, name, type, status, time, created, updated, deleted) VALUES ('78734700-27e4-468c-8bb8-0520eaa43754', 'Карла Маркса, 32', 'Приходи 1 ноября в 19.30 на Карла Маркса, 32!<br>В конференц-зале Академии ШАГ состоится просмотр видеокурса по управлению проектами.<br>Это популярный курс «12 шагов к успеху!», который мы посмотрим вместе с нашим экспертом – Александром Кулицким. Курс будет полезен всем!<br>Александр Кулицкий:<br>Agile project manager / delivery manager компании ITRex group<br>Образование: • Магистр технических наук; • ICAgileCertified Professional – Agile Project Management; • Scrum master; • EP50: Principles of Project Management; • Professional Coach ICU <br>Как будет проходить просмотр?<br>Мы вместе будем смотреть видео, модератор будет разъяснять сложные и непонятные моменты, отвечать на ваши вопросы.<br>Вход по регистрации, записывайтесь здесь:<br>https://docs.google.com/forms/d/e/1FAIpQLScgO456KpNi4qmtlR7ijSlQyc1Zfx6bWO9wWLkM2Sb-KkgOvA/viewform', '92652e54-95cc-4b37-8c4b-87b3b6441c8f', 'Совместный просмотр видеокурса по управлению проектами', 'Совместный просмотр видеокурсов', 'PUBLISHED', '2019-11-01 19:30:00.000000', '2019-12-30 14:12:57.496000', '2020-01-16 16:15:00.040000', null);
INSERT INTO career_center.event (id, address, description, image_id, name, type, status, time, created, updated, deleted) VALUES ('848a3500-a0bc-4aac-b602-c8e34888f354', 'Толстого, 8', 'Contrary to popular belief, Lorem Ipsum is not simply random text. It has roots in a piece of classical Latin literature from 45 BC, making it over 2000 years old. Richard McClintock, a Latin professor at Hampden-Sydney College in Virginia, looked up one of the more obscure Latin words, consectetur, from a Lorem Ipsum passage, and going through the cites of the word in classical literature, discovered the undoubtable source. Lorem Ipsum comes from sections 1.10.32 and 1.10.33 of ''de Finibus Bonorum et Malorum'' (The Extremes of Good and Evil) by Cicero, written in 45 BC. This book is a treatise on the theory of ethics, very popular during the Renaissance. The first line of Lorem Ipsum, ''Lorem ipsum dolor sit amet..'', comes from a line in section 1.10.32. The standard chunk of Lorem Ipsum used since the 1500s is reproduced below for those interested. Sections 1.10.32 and 1.10.33 from ''de Finibus Bonorum et Malorum'' by Cicero are also reproduced in their exact original form, accompanied by English versions from the 1914 translation by H. Rackham.', '1d1f7499-3d83-4a19-b42a-27f824445616', 'Strange Evnet', 'Открытый урок', 'PUBLISHED', '2019-12-25 23:00:00.000000', '2019-12-31 14:12:48.061000', null, null);
INSERT INTO career_center.event (id, address, description, image_id, name, type, status, time, created, updated, deleted) VALUES ('7ca99b9f-4224-484a-ad9f-304b4118c6ac', 'Толстого, 8', 'Contrary to popular belief, Lorem Ipsum is not simply random text. It has roots in a piece of classical Latin literature from 45 BC, making it over 2000 years old. Richard McClintock, a Latin professor at Hampden-Sydney College in Virginia, looked up one of the more obscure Latin words, consectetur, from a Lorem Ipsum passage, and going through the cites of the word in classical literature, discovered the undoubtable source. Lorem Ipsum comes from sections 1.10.32 and 1.10.33 of ''de Finibus Bonorum et Malorum'' (The Extremes of Good and Evil) by Cicero, written in 45 BC. This book is a treatise on the theory of ethics, very popular during the Renaissance. The first line of Lorem Ipsum, ''Lorem ipsum dolor sit amet..'', comes from a line in section 1.10.32. The standard chunk of Lorem Ipsum used since the 1500s is reproduced below for those interested. Sections 1.10.32 and 1.10.33 from ''de Finibus Bonorum et Malorum'' by Cicero are also reproduced in their exact original form, accompanied by English versions from the 1914 translation by H. Rackham.', '5c8551f2-50c8-4ffc-9050-a8c84db2a513', 'Strange Evnet', 'Открытый урок', 'PUBLISHED', '2019-12-25 23:00:00.000000', '2019-12-31 14:12:57.496000', null, null);
INSERT INTO career_center.event (id, address, description, image_id, name, type, status, time, created, updated, deleted) VALUES ('476a69ea-73a6-4803-a631-f3d2aec0b8bd', 'Толстого, 8', 'Contrary to popular belief, Lorem Ipsum is not simply random text. It has roots in a piece of classical Latin literature from 45 BC, making it over 2000 years old. Richard McClintock, a Latin professor at Hampden-Sydney College in Virginia, looked up one of the more obscure Latin words, consectetur, from a Lorem Ipsum passage, and going through the cites of the word in classical literature, discovered the undoubtable source. Lorem Ipsum comes from sections 1.10.32 and 1.10.33 of ''de Finibus Bonorum et Malorum'' (The Extremes of Good and Evil) by Cicero, written in 45 BC. This book is a treatise on the theory of ethics, very popular during the Renaissance. The first line of Lorem Ipsum, ''Lorem ipsum dolor sit amet..'', comes from a line in section 1.10.32. The standard chunk of Lorem Ipsum used since the 1500s is reproduced below for those interested. Sections 1.10.32 and 1.10.33 from ''de Finibus Bonorum et Malorum'' by Cicero are also reproduced in their exact original form, accompanied by English versions from the 1914 translation by H. Rackham.', '94e3dbb4-d6a0-433f-9523-5f0167d33e43', 'Strange Evnet', 'Открытый урок', 'PUBLISHED', '2019-12-25 23:00:00.000000', '2019-12-31 14:12:37.120000', null, null);
INSERT INTO career_center.event (id, address, description, image_id, name, type, status, time, created, updated, deleted) VALUES ('f4dfca98-dbc9-40cc-a651-3c31fa7cb707', 'Карла Маркса, 32', '24 января в 18.30 приглашаем всех желающих на презентацию лучших курсовых проектов студентов-дизайнеров Академии ШАГ. Студенты покажут наиболее интересные работы по айдентике, рекламному дизайну, верстке полиграфии, 3D моделированию. На презентации будут присутствовать дизайнеры-эксперты из компаний, которые дадут ребятам обратную связь по их проектам, выскажут свои пожелания и рекомендации. <br> Презентация курсовых проектов будет полезна всем, кто интересуется дизайном. Опытные дизайнеры найдут для себя новые идеи и свежие решения, начинающие посмотрят на работы своих коллег и послушают мнения экспертов. Также мы приглашаем на презентацию проектов всех, кто только собирается пойти учиться дизайну. Вы сможете своими глазами увидеть, чему и как мы учим студентов в академии ШАГ, каких успехов они достигают и какие прекрасные работы они делают уже сейчас — будучи еще начинающими студентами.  <br>Мероприятие бесплатное! <br> Чтобы попасть на него, зарегистрируйтесь: <br> https://docs.google.com/forms/d/e/1FAIpQLSct9oWrya7fOteshAEQIOugmM6Ec31KwgVVoLkLpLfismoJsQ/viewform <br> Ждем вас 24 января по адресу Карла Маркса, 32, Академия ШАГ, конференц-зал на 3-м этаже', '14bb6a27-a553-4f52-871e-9423100761ba', 'Приглашаем на публичную презентацию курсовых проектов студентов-дизайнеров!', 'Презентация проектов студентов', 'PUBLISHED', '2020-01-24 18:30:00.000000', '2019-12-30 14:12:57.496000', '2020-01-16 16:10:48.184000', null);

INSERT INTO career_center.story (id, author_name, description, header, video_embed_url, video_url, image_id, status, created, updated, deleted) VALUES ('4de53e99-4d4e-4490-8da4-e819de0ca320', 'Артем Болбас', 'Артем Болбас закончил Академию ШАГ в Бобруйске. До учебы в ШАГ он не знал о программировании ничего. Сейчас Артем работает Java программистом в ИТ-компании, делает карьеру и преподает в Академии ШАГ', 'Java разработчик', 'https://www.youtube.com/embed/IzrNrib43Kg', 'https://www.youtube.com/watch?v=IzrNrib43Kg', '05ab0c50-0229-466f-a671-d208d0b5e60f', 'PUBLISHED', '2019-12-30 15:23:17.532000', null, null);
INSERT INTO career_center.story (id, author_name, description, header, video_embed_url, video_url, image_id, status, created, updated, deleted) VALUES ('1dbb9a26-aee1-4891-96a4-533af382d536', 'Илья Куранец', 'Илья Куранец - выпускник Академии ШАГ по направлению `Разработка ПО`. По окончании Академии он устроился на работу в ИТ-компанию Geek-Solutions. Илья рассказал, как ушел из медицины и стал программистом. И как ему в этом помогла Академия ШАГ.', '.NET разработчик в Geek-Solutions ', 'https://www.youtube.com/embed/hLVHa5D7B7E', 'https://www.youtube.com/watch?v=hLVHa5D7B7E', '9b5e033d-c402-4064-bf9b-a910258e45f6', 'PUBLISHED', '2019-12-30 16:23:17.532000', null, null);
INSERT INTO career_center.story (id, author_name, description, header, video_embed_url, video_url, image_id, status, created, updated, deleted) VALUES ('ec5560ee-7c73-415c-97f9-74d479c5b697', 'John Johnson', 'Lorem Ipsum is simply dummy text of the printing and typesetting industry. Lorem Ipsum has been the industry''s standard dummy text ever since the 1500s, when an unknown printer took a galley of type and scrambled it to make a type specimen book. It has survived not only five centuries, but also the leap into electronic typesetting, remaining essentially unchanged.', 'Strange story', 'https://www.youtube.com/embed/WNeLUngb-Xg', 'https://www.youtube.com/watch?v=WNeLUngb-Xg', '1aaaba8f-c2df-4432-92f2-b06e33947a5d', 'PUBLISHED', '2019-12-31 14:23:09.367000', null, null);
INSERT INTO career_center.story (id, author_name, description, header, video_embed_url, video_url, image_id, status, created, updated, deleted) VALUES ('e13bd3aa-6520-4892-b000-11f9cde623c2', 'Frank Frankson', 'Lorem Ipsum is simply dummy text of the printing and typesetting industry. Lorem Ipsum has been the industry''s standard dummy text ever since the 1500s, when an unknown printer took a galley of type and scrambled it to make a type specimen book. It has survived not only five centuries, but also the leap into electronic typesetting, remaining essentially unchanged.', 'Strange story', 'https://www.youtube.com/embed/GX8Hg6kWQYI', 'https://www.youtube.com/watch?v=GX8Hg6kWQYI', 'de1b6859-5164-4269-815a-e7803a732edf', 'PUBLISHED', '2019-12-31 14:23:17.532000', null, null);
INSERT INTO career_center.story (id, author_name, description, header, video_embed_url, video_url, image_id, status, created, updated, deleted) VALUES ('a9c01dc9-b1d5-4360-a51f-c48094bac9c3', 'Ярослав Дмитриев', 'Ярослав Дмитриев, выпускник Академии ШАГ, закончил курс по java разработке.  Ярослав трудоустроился java программистом в ИТ компанию Andersen.  Он поделился своими впечатлениями от учебы, а также дал рекомендации будущим студентам Академии ШАГ.', 'Java разработчик в компании Andersen', 'https://www.youtube.com/embed/lK0ZrSs9XMI', 'https://www.youtube.com/watch?v=lK0ZrSs9XMI', 'edb7e61a-8300-438c-8b63-2019ea9ea1a1', 'PUBLISHED', '2019-12-30 14:23:17.532000', null, null);
INSERT INTO career_center.story (id, author_name, description, header, video_embed_url, video_url, image_id, status, created, updated, deleted) VALUES ('942ee03c-a96f-4ce6-8b23-abe79702eacc', 'Надежда Рынкевич', 'Надежда Рынкевич закончила Академию ШАГ по специальности `Управление ИТ-проектами`. После окончания курса она трудоустроилась в компанию IT Band Systems, которая является партнером Академии ШАГ. Надежда рассказала о своей учебе в ШАГе и о работе в ИТ', 'ПМ в компании IT Band Systems', 'https://www.youtube.com/embed/BqwR13U5T28', 'https://www.youtube.com/watch?v=BqwR13U5T28', 'c6f85c29-21ac-44ea-a7f5-395c031eae66', 'PUBLISHED', '2019-12-30 13:23:17.532000', null, null);
INSERT INTO career_center.story (id, author_name, description, header, video_embed_url, video_url, image_id, status, created, updated, deleted) VALUES ('cd9e7de7-711b-4ee7-bd54-b17a3048f74e', 'Rob Robson', 'Lorem Ipsum is simply dummy text of the printing and typesetting industry. Lorem Ipsum has been the industry''s standard dummy text ever since the 1500s, when an unknown printer took a galley of type and scrambled it to make a type specimen book. It has survived not only five centuries, but also the leap into electronic typesetting, remaining essentially unchanged.', 'Strange story', 'https://www.youtube.com/embed/fLexgOxsZu0', 'https://www.youtube.com/watch?v=fLexgOxsZu0', '6e231583-30c8-453c-9f1e-6951dc17388f', 'PUBLISHED', '2019-12-31 14:23:23.034000', null, null);
INSERT INTO career_center.story (id, author_name, description, header, video_embed_url, video_url, image_id, status, created, updated, deleted) VALUES ('eb9a3c65-6500-4ba0-a8ed-c3cbef13719f', 'Bob Bobson', 'Lorem Ipsum is simply dummy text of the printing and typesetting industry. Lorem Ipsum has been the industry''s standard dummy text ever since the 1500s, when an unknown printer took a galley of type and scrambled it to make a type specimen book. It has survived not only five centuries, but also the leap into electronic typesetting, remaining essentially unchanged.', 'Strange story', 'https://www.youtube.com/embed/uxpDa-c-4Mc', 'https://www.youtube.com/watch?v=uxpDa-c-4Mc', '5e885293-8d47-4393-b919-b0c28d637e7f', 'PUBLISHED', '2019-12-31 14:23:01.301000', null, null);

INSERT INTO career_center.vacancy (id, experience, company, description, name, created, updated, deleted) VALUES ('a55628c4-7b2a-43ee-9476-1c6b5d592f5a', 'INTERN', 'Profitero', '<br><br>В Profitero появились новые вакансии для начинающих программистов, о которых вам расскажет рекрутер компании Егор Караткевич:
<br><br>«Здравствуйте, меня зовут Егор (karatkevich.e@profitero.com), я рекрутер компании Profitero, и у нас есть вакансия для начинающего разработчика, с которой можно ознакомиться и почитать тут: https://jobs.tut.by/vacancy/3223189 4
<br><br>У нас уже работают двое студентов вашей школы, а это значит, что попасть к нам реально и получить опыт работы в продуктовой компании.
<br><br>*! вакансия предполагает работу на Ruby языке. Но для нас не критично знание руби — мы рассматриваем ребят к нам в отдел со знанием другого языка.
<br><br>Например, в отделе, куда открыта данная вакансия, работает 70 человек, а из них ~30 человек впервые увидело руби (были кандидаты java, python,c++,js,php,C# и др) именно в нашем ТЗ. Поэтому предлагаю Вам выполнить легкое ТЗ на руби языке. (по моему опыту общения с кандидатами, кто не знал руби — поднять синтаксис руби можно за
<br><br>1-2 дня, ну, а найти время на выполнение ТЗ — второй вопрос и вопрос желания найти работу)
<br><br>Для начала мне нужно получить ответы (вкратце) на:
<br>опыт в веб?
<br>англ?
<br>сроки выхода на работу (потенциально)?
<br>вилка зп? (вилка=пожелания на испытательный и после)
<br>желание попробовать свои силы в руби?
<br>Готовность работать на фулл тайм (8 часов в день)
<br><br>Чтобы получить тестовое задание, пишите мне в почту karatkevich.e@profitero.com с темой письма — «Фамилия Имя — ШАГ» с ответами на вопросы (1-2-3 слова, 1-2 предложения)
', 'Начинающий разработчик', '2019-12-31 14:26:53.331000', null, null);
INSERT INTO career_center.vacancy (id, experience, company, description, name, created, updated, deleted) VALUES ('ec75a752-fa94-4116-81ca-3a212004ad8e', 'JUNIOR', 'Cropas', '<br>Агентство интернет-маркетинга Cropas приглашает студентов и выпускников ШАГа к сотрудничеству. Сейчас компания в активном поиске SEO-специалистов. Основные требования к кандидатам и их трудовые обязанности, а также условия работы и заработная плата описаны здесь:https://jobs.tut.by/vacancy/34952393
<br><br>Вы можете самостоятельно откликнуться на вакансию на jobs.tut.by или выслать свое резюме на почту info@cropas.by (в копию обязательно поставить ds@cropas.by). Мы оперативно рассмотрим резюме и свяжемся с кандидатом для личного знакомства
', 'SEO-специалист', '2019-12-31 14:26:47.809000', null, null);
INSERT INTO career_center.vacancy (id, experience, company, description, name, created, updated, deleted) VALUES ('a74e23d2-5c17-41e3-9bc5-2584b0e37d5c', 'JUNIOR', 'Белорусская федерация киберспорта', '<br>
                    Киберспорту нужен дизайнер!<br>
                    <br>
                    Обязанности:<br>
                    • Разработка визуальной концепции мероприятия;<br>
                    • Создание логотипов и общих элементов брендирования для проектов;<br>
                    • Подготовка графического контента для стрим-трансляций;<br>
                    • Создание отчетных и продающих презентаций;<br>
                    • Подготовка графических материалов для сайта и социальных сетей;<br>
                    • Создание дизайна полиграфической продукции;<br>
                    • Подготовка материалов к печати.<br>
                    <br>
                    Требования:<br>
                    • Свободное владение программами Adobe Photoshop, Adobe Illustrator/Corel Draw;<br>
                    • Владение Adobe After Effect, Autodesk 3ds Max будет плюсом;<br>
                    • Наличие портфолио (баннеры, презентации, иллюстрации и т.д.);<br>
                    • Понимание композиции и верстки макетов;<br>
                    • Опыт работы в агентстве и знание английского языка на уровне Intermediate — будет преимуществом;<br>
                    • Разбираться в киберспорте или быть готовым погрузиться в него с головой.<br>
                    <br>
                    Присылайте резюме и примеры своих работ по адресу media@cybersport.by с пометкой «Вакансия Дизайнер»<br>
               ', 'Графический дизайнер', '2019-12-31 14:26:53.958000', null, null);
INSERT INTO career_center.vacancy (id, experience, company, description, name, created, updated, deleted) VALUES ('dfeb997d-393d-4c83-a94f-320fe04b50cf', 'INTERN', 'Profitero', '<br><br>В Profitero появились новые вакансии для начинающих программистов, о которых вам расскажет рекрутер компании Егор Караткевич:
<br><br>«Здравствуйте, меня зовут Егор (karatkevich.e@profitero.com), я рекрутер компании Profitero, и у нас есть вакансия для начинающего разработчика, с которой можно ознакомиться и почитать тут: https://jobs.tut.by/vacancy/3223189 4
<br><br>У нас уже работают двое студентов вашей школы, а это значит, что попасть к нам реально и получить опыт работы в продуктовой компании.
<br><br>*! вакансия предполагает работу на Ruby языке. Но для нас не критично знание руби — мы рассматриваем ребят к нам в отдел со знанием другого языка.
<br><br>Например, в отделе, куда открыта данная вакансия, работает 70 человек, а из них ~30 человек впервые увидело руби (были кандидаты java, python,c++,js,php,C# и др) именно в нашем ТЗ. Поэтому предлагаю Вам выполнить легкое ТЗ на руби языке. (по моему опыту общения с кандидатами, кто не знал руби — поднять синтаксис руби можно за
<br><br>1-2 дня, ну, а найти время на выполнение ТЗ — второй вопрос и вопрос желания найти работу)
<br><br>Для начала мне нужно получить ответы (вкратце) на:
<br>опыт в веб?
<br>англ?
<br>сроки выхода на работу (потенциально)?
<br>вилка зп? (вилка=пожелания на испытательный и после)
<br>желание попробовать свои силы в руби?
<br>Готовность работать на фулл тайм (8 часов в день)
<br><br>Чтобы получить тестовое задание, пишите мне в почту karatkevich.e@profitero.com с темой письма — «Фамилия Имя — ШАГ» с ответами на вопросы (1-2-3 слова, 1-2 предложения)
', 'Начинающий разработчик', '2019-12-31 14:26:46.988000', null, null);
INSERT INTO career_center.vacancy (id, experience, company, description, name, created, updated, deleted) VALUES ('f75cbdf3-e45f-4ec5-ae40-a6634848db5a', 'JUNIOR', 'Cropas', '<br>Агентство интернет-маркетинга Cropas приглашает студентов и выпускников ШАГа к сотрудничеству. Сейчас компания в активном поиске SEO-специалистов. Основные требования к кандидатам и их трудовые обязанности, а также условия работы и заработная плата описаны здесь:https://jobs.tut.by/vacancy/34952393
<br><br>Вы можете самостоятельно откликнуться на вакансию на jobs.tut.by или выслать свое резюме на почту info@cropas.by (в копию обязательно поставить ds@cropas.by). Мы оперативно рассмотрим резюме и свяжемся с кандидатом для личного знакомства
', 'SEO-специалист', '2020-01-14 14:24:37.296000', null, null);
INSERT INTO career_center.vacancy (id, experience, company, description, name, created, updated, deleted) VALUES ('72bb2b37-b799-4400-8684-1250d1d62440', 'JUNIOR', 'Белорусская федерация киберспорта', '<br>
                    Киберспорту нужен дизайнер!<br>
                    <br>
                    Обязанности:<br>
                    • Разработка визуальной концепции мероприятия;<br>
                    • Создание логотипов и общих элементов брендирования для проектов;<br>
                    • Подготовка графического контента для стрим-трансляций;<br>
                    • Создание отчетных и продающих презентаций;<br>
                    • Подготовка графических материалов для сайта и социальных сетей;<br>
                    • Создание дизайна полиграфической продукции;<br>
                    • Подготовка материалов к печати.<br>
                    <br>
                    Требования:<br>
                    • Свободное владение программами Adobe Photoshop, Adobe Illustrator/Corel Draw;<br>
                    • Владение Adobe After Effect, Autodesk 3ds Max будет плюсом;<br>
                    • Наличие портфолио (баннеры, презентации, иллюстрации и т.д.);<br>
                    • Понимание композиции и верстки макетов;<br>
                    • Опыт работы в агентстве и знание английского языка на уровне Intermediate — будет преимуществом;<br>
                    • Разбираться в киберспорте или быть готовым погрузиться в него с головой.<br>
                    <br>
                    Присылайте резюме и примеры своих работ по адресу media@cybersport.by с пометкой «Вакансия Дизайнер»<br>
               ', 'Графический дизайнер', '2019-12-31 14:26:10.542000', null, null);
INSERT INTO career_center.vacancy (id, experience, company, description, name, created, updated, deleted) VALUES ('bf3f154a-1bd7-43d1-b2b3-b6318703feeb', 'JUNIOR', 'Syberry', '<br>Вакансия Data engineer (Data analyst) в компании Syberry!
<br><br>Опыт работы не обязателен.
<br> Требования:
<br>- понимание синтаксиса и механизма использования YAML
<br>- понимание принципа работы базы данных MySQL
<br>- базовые навыки работы с REST API
<br>- владение английским языком на уровне Pre-Intermediate и выше
<br><br>Подробное описание вакансии здесь:
<br>https://jobs.tut.by/vacancy/35163903
<br><br>Syberry - сервисная компания, резидент ПВТ. Занимается профессиональной разработкой качественного ПО для рынка США. Является давним партнером Академии ШАГ, наши выпускники уже не первый год успешно работают в компании. Откликайтесь на вакансию, если хотите сделать карьеру в качестве Data engineer!
', 'Data engineer (Data analyst)', '2019-12-31 14:26:47.305000', null, null);
INSERT INTO career_center.vacancy (id, experience, company, description, name, created, updated, deleted) VALUES ('7736b674-aad2-4641-8a93-932347c0229a', 'JUNIOR', 'Syberry', '<br>Вакансия Data engineer (Data analyst) в компании Syberry!
<br><br>Опыт работы не обязателен.
<br> Требования:
<br>- понимание синтаксиса и механизма использования YAML
<br>- понимание принципа работы базы данных MySQL
<br>- базовые навыки работы с REST API
<br>- владение английским языком на уровне Pre-Intermediate и выше
<br><br>Подробное описание вакансии здесь:
<br>https://jobs.tut.by/vacancy/35163903
<br><br>Syberry - сервисная компания, резидент ПВТ. Занимается профессиональной разработкой качественного ПО для рынка США. Является давним партнером Академии ШАГ, наши выпускники уже не первый год успешно работают в компании. Откликайтесь на вакансию, если хотите сделать карьеру в качестве Data engineer!
', 'Data engineer (Data analyst)', '2019-12-31 14:26:52.425000', null, null);
INSERT INTO career_center.vacancy (id, experience, company, description, name, created, updated, deleted) VALUES ('9e9b5fc1-87dc-42ed-acd2-f40b6e06c295', 'JUNIOR', 'Cropas', '<br>Агентство интернет-маркетинга Cropas приглашает студентов и выпускников ШАГа к сотрудничеству. Сейчас компания в активном поиске SEO-специалистов. Основные требования к кандидатам и их трудовые обязанности, а также условия работы и заработная плата описаны здесь:https://jobs.tut.by/vacancy/34952393
<br><br>Вы можете самостоятельно откликнуться на вакансию на jobs.tut.by или выслать свое резюме на почту info@cropas.by (в копию обязательно поставить ds@cropas.by). Мы оперативно рассмотрим резюме и свяжемся с кандидатом для личного знакомства
', 'SEO-специалист', '2019-12-31 14:26:54.077000', null, null);
INSERT INTO career_center.vacancy (id, experience, company, description, name, created, updated, deleted) VALUES ('1e0a943b-1406-46bd-b4db-431274c2e4a7', 'INTERN', 'Profitero', '<br><br>В Profitero появились новые вакансии для начинающих программистов, о которых вам расскажет рекрутер компании Егор Караткевич:
<br><br>«Здравствуйте, меня зовут Егор (karatkevich.e@profitero.com), я рекрутер компании Profitero, и у нас есть вакансия для начинающего разработчика, с которой можно ознакомиться и почитать тут: https://jobs.tut.by/vacancy/3223189 4
<br><br>У нас уже работают двое студентов вашей школы, а это значит, что попасть к нам реально и получить опыт работы в продуктовой компании.
<br><br>*! вакансия предполагает работу на Ruby языке. Но для нас не критично знание руби — мы рассматриваем ребят к нам в отдел со знанием другого языка.
<br><br>Например, в отделе, куда открыта данная вакансия, работает 70 человек, а из них ~30 человек впервые увидело руби (были кандидаты java, python,c++,js,php,C# и др) именно в нашем ТЗ. Поэтому предлагаю Вам выполнить легкое ТЗ на руби языке. (по моему опыту общения с кандидатами, кто не знал руби — поднять синтаксис руби можно за
<br><br>1-2 дня, ну, а найти время на выполнение ТЗ — второй вопрос и вопрос желания найти работу)
<br><br>Для начала мне нужно получить ответы (вкратце) на:
<br>опыт в веб?
<br>англ?
<br>сроки выхода на работу (потенциально)?
<br>вилка зп? (вилка=пожелания на испытательный и после)
<br>желание попробовать свои силы в руби?
<br>Готовность работать на фулл тайм (8 часов в день)
<br><br>Чтобы получить тестовое задание, пишите мне в почту karatkevich.e@profitero.com с темой письма — «Фамилия Имя — ШАГ» с ответами на вопросы (1-2-3 слова, 1-2 предложения)
', 'Начинающий разработчик', '2019-12-31 14:25:06.268000', null, null);
INSERT INTO career_center.vacancy (id, experience, company, description, name, created, updated, deleted) VALUES ('39e4707d-c3a6-4c1a-8a18-199102e26aba', 'INTERN', 'HYPERVSN', '<br>Новая стажировка с обучением в крутейшей компании HYPERVSN!
<br><br><br>Приглашаем начинающих моушен-дизайнеров на стажировку в Design Lab компании HYPERVSN.
<br><br>Кандидат должен обладать базовыми знаниями программ:
<br>- Cinema 4d|3ds Max
<br>- Octane|RedShift
<br>- Adobe AE (Ps, AI программы для начальной обработки и Encoder)
<br><br>Условия стажировки:
<br>- вас ждет программа обучения, которая состоит из 4 основных тем (моделинг, анимация, визуализация, компоузинг). По итогу – выполнение дипломного проекта
<br>- по результатам дипломного проекта мы предлагаем 2-недельную стажировку в компании, с возможным трудоустройством.
<br><br>Резюме и ваше портфолио высылайте на почту: oksana.t@hypervsn.com
', 'Mоушен-дизайнер', '2019-12-31 14:26:16.918000', null, null);
INSERT INTO career_center.vacancy (id, experience, company, description, name, created, updated, deleted) VALUES ('cd8f2c7f-7051-43c3-8d7b-af9c913c9db8', 'INTERN', 'HYPERVSN', '<br>Новая стажировка с обучением в крутейшей компании HYPERVSN!
<br><br><br>Приглашаем начинающих моушен-дизайнеров на стажировку в Design Lab компании HYPERVSN.
<br><br>Кандидат должен обладать базовыми знаниями программ:
<br>- Cinema 4d|3ds Max
<br>- Octane|RedShift
<br>- Adobe AE (Ps, AI программы для начальной обработки и Encoder)
<br><br>Условия стажировки:
<br>- вас ждет программа обучения, которая состоит из 4 основных тем (моделинг, анимация, визуализация, компоузинг). По итогу – выполнение дипломного проекта
<br>- по результатам дипломного проекта мы предлагаем 2-недельную стажировку в компании, с возможным трудоустройством.
<br><br>Резюме и ваше портфолио высылайте на почту: oksana.t@hypervsn.com
', 'Mоушен-дизайнер', '2019-12-31 14:26:54.381000', null, null);
INSERT INTO career_center.vacancy (id, experience, company, description, name, created, updated, deleted) VALUES ('558496d7-c4af-4ac4-95ca-f7bbf0c49b89', 'JUNIOR', 'Syberry', '<br>Наши партнеры, компания Syberry приглашает студентов и выпускников Академии ШАГ на позицию Junior Python developer (первый проект - Data processing platform development).
<br><br>Требования:
<br>#вакансии
<br>Понимание синтаксиса и механизмов работы языка Python (importing, filesystem, string, datetime, regular expressions).
<br>Владение английским языком на уровне Pre-Intermediate и выше.
<br>Опыт работы в консоли Unix.
<br>Git: понимание принципов работы, умение работать с ветками, pull-requests, понимание merge и rebase.<br><br>Откликнуться на вакансию можно здесь:
<br>https://jobs.tut.by/vacancy/34387096
', 'Python developer', '2019-12-31 14:26:00.746000', null, null);
INSERT INTO career_center.vacancy (id, experience, company, description, name, created, updated, deleted) VALUES ('6b1a0fd2-df01-4e82-9037-f9a6aaddff87', 'JUNIOR', 'Белорусская федерация киберспорта', '<br>
                    Киберспорту нужен дизайнер!<br>
                    <br>
                    Обязанности:<br>
                    • Разработка визуальной концепции мероприятия;<br>
                    • Создание логотипов и общих элементов брендирования для проектов;<br>
                    • Подготовка графического контента для стрим-трансляций;<br>
                    • Создание отчетных и продающих презентаций;<br>
                    • Подготовка графических материалов для сайта и социальных сетей;<br>
                    • Создание дизайна полиграфической продукции;<br>
                    • Подготовка материалов к печати.<br>
                    <br>
                    Требования:<br>
                    • Свободное владение программами Adobe Photoshop, Adobe Illustrator/Corel Draw;<br>
                    • Владение Adobe After Effect, Autodesk 3ds Max будет плюсом;<br>
                    • Наличие портфолио (баннеры, презентации, иллюстрации и т.д.);<br>
                    • Понимание композиции и верстки макетов;<br>
                    • Опыт работы в агентстве и знание английского языка на уровне Intermediate — будет преимуществом;<br>
                    • Разбираться в киберспорте или быть готовым погрузиться в него с головой.<br>
                    <br>
                    Присылайте резюме и примеры своих работ по адресу media@cybersport.by с пометкой «Вакансия Дизайнер»<br>
               ', 'Графический дизайнер', '2019-12-31 14:26:28.008000', null, null);
INSERT INTO career_center.vacancy (id, experience, company, description, name, created, updated, deleted) VALUES ('e3a6ce18-72bb-4eed-a264-00b932dd792e', 'JUNIOR', 'Syberry', '<br>Наши партнеры, компания Syberry приглашает студентов и выпускников Академии ШАГ на позицию Junior Python developer (первый проект - Data processing platform development).
<br><br>Требования:
<br>#вакансии
<br>Понимание синтаксиса и механизмов работы языка Python (importing, filesystem, string, datetime, regular expressions).
<br>Владение английским языком на уровне Pre-Intermediate и выше.
<br>Опыт работы в консоли Unix.
<br>Git: понимание принципов работы, умение работать с ветками, pull-requests, понимание merge и rebase.<br><br>Откликнуться на вакансию можно здесь:
<br>https://jobs.tut.by/vacancy/34387096
', 'Python developer', '2019-12-31 14:26:52.309000', null, null);
INSERT INTO career_center.vacancy (id, experience, company, description, name, created, updated, deleted) VALUES ('e886224f-370f-4ab7-969b-a653cc525535', 'JUNIOR', 'Syberry', '<br>Вакансия Data engineer (Data analyst) в компании Syberry!
<br><br>Опыт работы не обязателен.
<br> Требования:
<br>- понимание синтаксиса и механизма использования YAML
<br>- понимание принципа работы базы данных MySQL
<br>- базовые навыки работы с REST API
<br>- владение английским языком на уровне Pre-Intermediate и выше
<br><br>Подробное описание вакансии здесь:
<br>https://jobs.tut.by/vacancy/35163903
<br><br>Syberry - сервисная компания, резидент ПВТ. Занимается профессиональной разработкой качественного ПО для рынка США. Является давним партнером Академии ШАГ, наши выпускники уже не первый год успешно работают в компании. Откликайтесь на вакансию, если хотите сделать карьеру в качестве Data engineer!
', 'Data engineer (Data analyst)', '2019-12-31 14:24:40.653000', null, null);